{"count":24,"rotations":[0,-1.5707963267948966,-1.5707963267948966,1.5707963267948966,-1.5707963267948966,1.5707963267948966,1.5707963267948966,-1.5707963267948966,1.5707963267948966,-1.5707963267948966,4.71238898038469,1.5707963267948966,1.5707963267948966,-7.853981633974483,4.71238898038469,1.5707963267948966,-1.5707963267948966,1.5707963267948966,-4.71238898038469,4.71238898038469,1.5707963267948966,-1.5707963267948966,-1.5707963267948966,1.5707963267948966]}